trial_id,Model Name,NDCG@10,HitRate@10,MRR@10,Catalog coverage@10,Serendipity@10,Novelty@10,NDCG@20,HitRate@20,MRR@20,Catalog coverage@20,Serendipity@20,Novelty@20
1,LLM2BERT4Rec,0.023203659,0.04634323,0.016231337,0.167105736,0.045619117,12.78925422,0.034899095,0.093410572,0.019337075,0.264159981,0.089065894,12.90509182
2,LLM2BERT4Rec,0.020180438,0.043446778,0.013327127,0.231050174,0.043446778,13.44904791,0.027630639,0.073135409,0.015343217,0.354448569,0.070238957,13.45837346
3,LLM2BERT4Rec,0.026944075,0.056480811,0.018064894,0.182552988,0.055032585,13.04623669,0.03583744,0.091962346,0.020463164,0.286792001,0.087617668,13.11828803
4,LLM2BERT4Rec,0.027007179,0.050687907,0.019962243,0.181894384,0.049963794,13.05105236,0.033466282,0.076755974,0.021667629,0.287989462,0.073135409,13.11933749
5,LLM2BERT4Rec,0.031246767,0.05865315,0.023114145,0.193809125,0.057929037,13.04854049,0.039244426,0.09051412,0.025278286,0.303496587,0.086169442,13.12261334
,,0.025716424,0.051122375,0.018139949,0.191282481,0.050398262,13.07682633,0.034215576,0.085155684,0.020417874,0.29937732,0.081245474,13.14474083
,,0.004204729,0.006468562,0.003703885,0.024169758,0.006114361,0.236456516,0.004251759,0.009463467,0.003609287,0.033830997,0.008844855,0.198514342