trial_id,Model Name,NDCG@10,HitRate@10,MRR@10,Catalog coverage@10,Serendipity@10,Novelty@10,NDCG@20,HitRate@20,MRR@20,Catalog coverage@20,Serendipity@20,Novelty@20
1,LLM2BERT4Rec,0.03145436,0.062273715,0.022148949,0.187642199,0.060825489,13.08372303,0.040816684,0.099203476,0.024732586,0.295653215,0.094858798,13.15720371
2,LLM2BERT4Rec,0.028864418,0.055032585,0.021084905,0.163453479,0.053584359,12.81088423,0.039706473,0.09775525,0.024080132,0.261824931,0.093410572,12.91602962
3,LLM2BERT4Rec,0.029967644,0.061549602,0.020508776,0.201772243,0.060101376,13.45865613,0.03926189,0.099203476,0.022939485,0.315950186,0.095582911,13.48701048
4,LLM2BERT4Rec,0.032288847,0.062997828,0.023132823,0.195305951,0.061549602,13.36622179,0.041245439,0.099203476,0.025488573,0.303257095,0.096307024,13.38948957
5,LLM2BERT4Rec,0.032518944,0.064446054,0.022973633,0.185846006,0.062997828,13.24053203,0.043154083,0.107168718,0.025800489,0.290623877,0.102824041,13.28892116
,,0.031018843,0.061259957,0.021969817,0.186803976,0.059811731,13.19200344,0.040836914,0.100506879,0.024608253,0.293461861,0.096596669,13.24773091
,,0.001565204,0.003642224,0.001152175,0.014518941,0.003642224,0.255336647,0.001524399,0.003776511,0.001148428,0.020096162,0.003642223,0.222074191