trial_id,Model Name,NDCG@10,HitRate@10,MRR@10,Catalog coverage@10,Serendipity@10,Novelty@10,NDCG@20,HitRate@20,MRR@20,Catalog coverage@20,Serendipity@20,Novelty@20
1,LLM2BERT4Rec,0.0266989272143972,0.05286024619840695,0.018965437973403214,0.2049455155071249,0.05213613323678494,13.506424581743687,0.03705311077317958,0.09485879797248371,0.021669263186688974,0.3134355167045863,0.09123823316437364,13.506474904773379
2,LLM2BERT4Rec,0.02376464409738988,0.05430847212165098,0.014645759341631898,0.14237815830439468,0.05286024619840695,12.519529363297984,0.03586163121476556,0.10209992758870384,0.017970800550755624,0.23230750808286432,0.09775524981897175,12.678335837102917
3,LLM2BERT4Rec,0.030784421503789128,0.05865314989138305,0.022618472926220937,0.1492635612501497,0.05720492396813903,12.839401929036619,0.03944141972137044,0.09341057204923968,0.024924026566983948,0.23793557657765538,0.0890658942795076,12.91911464135111
4,LLM2BERT4Rec,0.02788266440044697,0.05430847212165098,0.020008218107421583,0.1570470602323075,0.05286024619840695,12.836477871275607,0.03741162178398309,0.09196234612599566,0.022625810496582115,0.25278409771284877,0.08834178131788559,12.921606147084109
5,LLM2BERT4Rec,0.03088527668414076,0.056480811006517015,0.023147477673183686,0.16818345108370256,0.05503258508327299,13.286347713914894,0.04035333161183668,0.09485879797248371,0.02562247930539517,0.26751287270985513,0.09196234612599566,13.319630692953483
