trial_id,Model Name,NDCG@10,HitRate@10,MRR@10,Catalog coverage@10,Serendipity@10,Novelty@10,NDCG@20,HitRate@20,MRR@20,Catalog coverage@20,Serendipity@20,Novelty@20
1,LLM2BERT4Rec,0.022082458,0.044170891,0.015418434,0.119626392,0.043446778,12.7270458,0.033594291,0.089790007,0.018564521,0.192911029,0.085445329,12.80730351
2,LLM2BERT4Rec,0.025542208,0.047067343,0.019196464,0.176685427,0.04634323,13.28273869,0.032124814,0.073135409,0.020997917,0.270805892,0.070238957,13.3170465
3,LLM2BERT4Rec,0.023011658,0.04634323,0.01613134,0.128906718,0.044895004,12.8590982,0.032025663,0.081824765,0.01862736,0.209974853,0.077480087,12.9495044
4,LLM2BERT4Rec,0.021200009,0.042722665,0.014865579,0.189977248,0.041998552,13.38653943,0.031094464,0.081824765,0.017586433,0.294814992,0.078928313,13.41328443
5,LLM2BERT4Rec,0.024279533,0.050687907,0.016363229,0.161836906,0.049963794,13.30124984,0.032079956,0.081100652,0.018563873,0.253981559,0.077480087,13.32074442
,,,,,,,,0.032183838,0.081535119,0.018868021,0.244497665,0.077914555,13.16157665
,,,,,,,,0.000896578,0.005896076,0.00126703,0.042328791,0.00540908,0.266151345