trial_id,Model Name,NDCG@10,HitRate@10,MRR@10,Catalog coverage@10,Serendipity@10,Novelty@10,NDCG@20,HitRate@20,MRR@20,Catalog coverage@20,Serendipity@20,Novelty@20
1,LLM2BERT4Rec,0.026715448,0.050687907,0.019443295,0.184708418,0.049963794,13.55725166,0.037093922,0.091238233,0.022361132,0.28248114,0.086893555,13.54724523
2,LLM2BERT4Rec,0.031141095,0.061549602,0.022163891,0.154412645,0.060101376,13.40235597,0.038942287,0.092686459,0.024268594,0.244761106,0.089065894,13.40346785
3,LLM2BERT4Rec,0.029078657,0.057204924,0.020568831,0.123817507,0.055032585,13.0808181,0.037747568,0.091962346,0.022887746,0.201772243,0.087617668,13.12134561
4,LLM2BERT4Rec,0.029557382,0.057204924,0.021395814,0.140821459,0.056480811,13.05774691,0.038260089,0.091238233,0.023837498,0.222248832,0.086893555,13.11206439
5,LLM2BERT4Rec,0.032909454,0.063721941,0.023607807,0.13441504,0.062997828,13.13035861,0.04095418,0.095582911,0.025812354,0.217339241,0.09051412,13.16805942
,,0.029880407,0.05807386,0.021435928,0.147635014,0.056915279,13.24570625,0.038599609,0.092541636,0.023833465,0.233720513,0.088196959,13.2704365
,,0.002319945,0.0050011,0.001578848,0.023499146,0.004980087,0.222160736,0.00148069,0.001803027,0.00133861,0.031305475,0.001569839,0.19500724