trial_id,Model Name,NDCG@10,HitRate@10,MRR@10,Catalog coverage@10,Serendipity@10,Novelty@10,NDCG@20,HitRate@20,MRR@20,Catalog coverage@20,Serendipity@20,Novelty@20
1,LLM2BERT4Rec,0.023469556,0.044170891,0.017275266,0.178421746,0.042722665,13.13859685,0.030719656,0.073135409,0.019225634,0.282062028,0.070238957,13.20261658
2,LLM2BERT4Rec,0.024902275,0.052136133,0.016723561,0.184528799,0.05141202,13.19785132,0.03282851,0.083272991,0.018925228,0.288408574,0.0782042,13.24630941
3,LLM2BERT4Rec,0.0211624,0.045619117,0.014094629,0.13363669,0.043446778,12.64823234,0.029862246,0.080376539,0.016434396,0.215483176,0.075307748,12.77318959
4,LLM2BERT4Rec,0.016925037,0.034757422,0.011551038,0.251407017,0.034757422,13.64942568,0.024678792,0.065170167,0.013711124,0.377140462,0.063721941,13.62310593
5,LLM2BERT4Rec,0.022722371,0.04634323,0.015707217,0.151418992,0.044895004,12.69115352,0.030519294,0.077480087,0.01780954,0.236558496,0.074583635,12.80788229
,,,,,,,,0.029721699,0.075887038,0.017221184,0.279930547,0.072411296,13.13062076
,,,,,,,,0.003030471,0.007065205,0.002247627,0.06237144,0.005632277,0.351079074