trial_id,Model Name,NDCG@10,HitRate@10,MRR@10,Catalog coverage@10,Serendipity@10,Novelty@10,NDCG@20,HitRate@20,MRR@20,Catalog coverage@20,Serendipity@20,Novelty@20
1,LLM2BERT4Rec,0.028966845,0.052860246,0.021642357,0.146329781,0.05141202,13.24883216,0.038383161,0.09051412,0.024177236,0.230271824,0.086169442,13.26560425
2,LLM2BERT4Rec,0.028199854,0.052860246,0.020864798,0.145431685,0.052136133,13.32958494,0.036141719,0.084721217,0.022983365,0.230870554,0.081824765,13.35494363
3,LLM2BERT4Rec,0.022710274,0.044170891,0.016323575,0.139803616,0.044170891,13.35601744,0.030991234,0.077480087,0.018522725,0.218237337,0.073135409,13.37063302
4,LLM2BERT4Rec,0.025788013,0.052136133,0.017963748,0.119626392,0.05141202,12.9611219,0.03395079,0.084721217,0.020168389,0.189318644,0.079652426,13.01922492
5,LLM2BERT4Rec,0.024410868,0.049963794,0.016717814,0.202550593,0.049963794,13.58071859,0.032982718,0.083997104,0.019051633,0.306250748,0.081824765,13.55112813
,,,,,,,,0.034489924,0.084286749,0.02098067,0.234989822,0.080521361,13.31230679
,,,,,,,,0.00285871,0.004625263,0.002482504,0.043254623,0.004759356,0.19386438