trial_id,Model Name,NDCG@10,HitRate@10,MRR@10,Catalog coverage@10,Serendipity@10,Novelty@10,NDCG@20,HitRate@20,MRR@20,Catalog coverage@20,Serendipity@20,Novelty@20
1,LLM2BERT4Rec,0.024662124,0.049963794,0.01711033,0.166327386,0.048515568,13.27821592,0.033404359,0.084721217,0.019487727,0.257214705,0.079652426,13.29641514
2,LLM2BERT4Rec,0.027448266,0.052860246,0.019797306,0.204526404,0.052136133,13.37536621,0.035105562,0.083272991,0.021885252,0.310441863,0.079652426,13.40487025
3,LLM2BERT4Rec,0.022265508,0.041274439,0.016464662,0.178780984,0.041274439,13.33029014,0.029984353,0.072411296,0.018502517,0.277751168,0.069514844,13.34857401
4,LLM2BERT4Rec,0.02263613,0.047067343,0.015246026,0.13363669,0.045619117,12.90286499,0.031271914,0.081824765,0.017535856,0.215543049,0.077480087,12.98678663
5,LLM2BERT4Rec,0.027619706,0.052136133,0.020162236,0.199736558,0.050687907,13.43477375,0.035435015,0.083272991,0.022280391,0.305292779,0.078928313,13.44417757
,,,,,,,,0.033040241,0.081100652,0.019938349,0.273248713,0.077045619,13.29616472
,,,,,,,,0.002376894,0.004964268,0.002080399,0.038786137,0.00430223,0.181787167