trial_id,Model Name,NDCG@10,HitRate@10,MRR@10,Catalog coverage@10,Serendipity@10,Novelty@10,NDCG@20,HitRate@20,MRR@20,Catalog coverage@20,Serendipity@20,Novelty@20
1,LLM2BERT4Rec,0.032771406,0.064446054,0.023203798,0.161836906,0.062997828,13.16494595,0.040268212,0.094134685,0.025256301,0.257813436,0.089790007,13.21321172
2,LLM2BERT4Rec,0.029053263,0.052136133,0.022140328,0.169261166,0.052136133,13.10834083,0.039883617,0.095582911,0.025033856,0.267453,0.091238233,13.16464724
3,LLM2BERT4Rec,0.031083321,0.05865315,0.022784272,0.185786133,0.057929037,13.42345983,0.040579713,0.096307024,0.0253777,0.292899054,0.092686459,13.44155538
4,LLM2BERT4Rec,0.028863824,0.057204924,0.020375447,0.210753203,0.055756698,13.48366986,0.03688623,0.089065894,0.022556611,0.325889115,0.084721217,13.4956391
5,LLM2BERT4Rec,0.024881695,0.048515568,0.017636461,0.144054604,0.047067343,12.51048181,0.034799901,0.088341781,0.020278531,0.230870554,0.083997104,12.64969388
,,,,,,,,0.038483534,0.092686459,0.0237006,0.274985032,0.088486604,13.19294947
,,,,,,,,0.002532776,0.0037276,0.002237728,0.036089542,0.003912891,0.335322282