trial_id,Model Name,NDCG@10,HitRate@10,MRR@10,Catalog coverage@10,Serendipity@10,Novelty@10,NDCG@20,HitRate@20,MRR@20,Catalog coverage@20,Serendipity@20,Novelty@20
1,LLM2BERT4Rec,0.025986788,0.053584359,0.017808869,0.162794875,0.052136133,12.88210062,0.032312675,0.078928313,0.019503281,0.261585439,0.074583635,12.95904373
2,LLM2BERT4Rec,0.022719035,0.04634323,0.015700033,0.187223087,0.045619117,13.41481567,0.033545632,0.089790007,0.018588619,0.293677404,0.087617668,13.4239532
3,LLM2BERT4Rec,0.025045385,0.053584359,0.016557188,0.175068854,0.052860246,13.1275188,0.031727614,0.080376539,0.01834362,0.276613579,0.0782042,13.18307621
4,LLM2BERT4Rec,0.025822836,0.052136133,0.017857143,0.176924919,0.049963794,13.00639888,0.035976194,0.092686459,0.020594736,0.276853071,0.088341781,13.06678134
5,LLM2BERT4Rec,0.024501803,0.049239681,0.017130444,0.159920968,0.047067343,12.91405768,0.035462685,0.091962346,0.020220905,0.254161178,0.087617668,13.00669693
,,,,,,,,0.03380496,0.086748733,0.019450232,0.272578134,0.083272991,13.12791028
,,,,,,,,0.001875622,0.00658505,0.000984074,0.015327775,0.006415657,0.185492603