trial_id,Model Name,NDCG@10,HitRate@10,MRR@10,Catalog coverage@10,Serendipity@10,Novelty@10,NDCG@20,HitRate@20,MRR@20,Catalog coverage@20,Serendipity@20,Novelty@20
1,LLM2BERT4Rec,0.025050576,0.049239681,0.017902544,0.1178302,0.047791455,12.79990387,0.033867461,0.083997104,0.020336571,0.18728296,0.080376539,12.88286061
2,LLM2BERT4Rec,0.024252067,0.045619117,0.017888751,0.145850796,0.044895004,13.15054221,0.033565646,0.082548878,0.02043051,0.235720273,0.077480087,13.20187257
3,LLM2BERT4Rec,0.027101302,0.056480811,0.018335862,0.165489163,0.056480811,13.38187474,0.032691829,0.078928313,0.019826752,0.256496228,0.075307748,13.39105464
4,LLM2BERT4Rec,0.027636771,0.056480811,0.018921474,0.147706861,0.056480811,13.10188936,0.034887319,0.085445329,0.020874028,0.230930427,0.080376539,13.15269913
5,LLM2BERT4Rec,0.02475365,0.052136133,0.016680459,0.079750928,0.049963794,12.16428055,0.03192309,0.081100652,0.018568959,0.134534786,0.074583635,12.3248517
,,0.025758873,0.051991311,0.017945818,0.13132559,0.051122375,12.91969815,0.033387069,0.082404055,0.020007364,0.208992935,0.077624909,12.99066773
,,0.001509241,0.004703948,0.00082315,0.033498316,0.005211601,0.470397767,0.00113358,0.002529218,0.000886026,0.048650555,0.002728667,0.414157186