trial_id,Model Name,NDCG@10,HitRate@10,MRR@10,Catalog coverage@10,Serendipity@10,Novelty@10,NDCG@20,HitRate@20,MRR@20,Catalog coverage@20,Serendipity@20,Novelty@20
1,LLM2BERT4Rec,0.024617583,0.049239681,0.017293944,0.183690576,0.048515568,13.48497983,0.03365612,0.085445329,0.019713383,0.281283679,0.082548878,13.48721535
2,LLM2BERT4Rec,0.029740704,0.060825489,0.020526591,0.18123578,0.060825489,13.22591714,0.039201755,0.09775525,0.023192548,0.283379236,0.094858798,13.25846531
3,LLM2BERT4Rec,0.027501703,0.055032585,0.019176638,0.186025626,0.054308472,13.33459092,0.035893507,0.089065894,0.021368287,0.290144893,0.085445329,13.35780364
4,LLM2BERT4Rec,0.026521684,0.054308472,0.018146213,0.166327386,0.053584359,13.16148203,0.034148664,0.085445329,0.020113814,0.255298767,0.081824765,13.21123583
5,LLM2BERT4Rec,0.02419909,0.050687907,0.016199729,0.199497066,0.049963794,13.55161349,0.032632656,0.083997104,0.018522509,0.306490241,0.080376539,13.53420635
,,,,,,,,0.03510654,0.088341781,0.020582108,0.283319363,0.085010862,13.36978529
,,,,,,,,0.002575434,0.005585535,0.00177823,0.018525515,0.005806465,0.140087234